<?xml version="1.0" ?>

<!--

 This file is part of the Sylius package.

 (c) Paweł Jędrzejewski

 For the full copyright and license information, please view the LICENSE
 file that was distributed with this source code.

-->

<container xmlns="http://symfony.com/schema/dic/services"
           xmlns:xsi="http://www.w3.org/2001/XMLSchema-instance"
           xsi:schemaLocation="http://symfony.com/schema/dic/services http://symfony.com/schema/dic/services/services-1.0.xsd"
>
    <services>
        <defaults public="true" />

        <service id="sylius.behat.context.api.admin.login" class="Sylius\Behat\Context\Api\Admin\LoginContext">
            <argument type="service" id="sylius.behat.client.admin_api_platform_security_client" />
        </service>

        <service id="sylius.behat.context.api.admin.managing_administrators" class="Sylius\Behat\Context\Api\Admin\ManagingAdministratorsContext">
            <argument type="service" id="sylius.behat.api_platform_client.administrator" />
            <argument type="service" id="sylius.behat.api_platform_client.admin.avatar_image" />
            <argument type="service" id="Sylius\Behat\Client\ResponseCheckerInterface" />
            <argument type="service" id="api_platform.iri_converter" />
            <argument type="service" id="sylius.behat.shared_storage" />
            <argument type="service" id="behat.mink.parameters" />
        </service>

        <service id="sylius.behat.context.api.admin.managing_channels" class="Sylius\Behat\Context\Api\Admin\ManagingChannelsContext">
            <argument type="service" id="sylius.behat.api_platform_client.admin.channel" />
            <argument type="service" id="Sylius\Behat\Client\ResponseCheckerInterface" />
            <argument type="service" id="api_platform.iri_converter" />
        </service>

        <service id="sylius.behat.context.api.admin.managing_countries" class="Sylius\Behat\Context\Api\Admin\ManagingCountriesContext">
            <argument type="service" id="sylius.behat.api_platform_client.admin.country" />
            <argument type="service" id="sylius.behat.api_platform_client.admin.province" />
            <argument type="service" id="Sylius\Behat\Client\ResponseCheckerInterface" />
            <argument type="service" id="sylius.behat.shared_storage" />
            <argument type="service" id="api_platform.iri_converter" />
        </service>

        <service id="sylius.behat.context.api.admin.managing_currencies" class="Sylius\Behat\Context\Api\Admin\ManagingCurrenciesContext">
            <argument type="service" id="sylius.behat.api_platform_client.admin.currency" />
            <argument type="service" id="Sylius\Behat\Client\ResponseCheckerInterface" />
        </service>

        <service id="sylius.behat.context.api.admin.managing_exchange_rates" class="Sylius\Behat\Context\Api\Admin\ManagingExchangeRatesContext">
            <argument type="service" id="sylius.behat.api_platform_client.admin.exchange_rate" />
            <argument type="service" id="Sylius\Behat\Client\ResponseCheckerInterface" />
            <argument type="service" id="sylius.behat.shared_storage" />
        </service>

        <service id="sylius.behat.context.api.admin.managing_locales" class="Sylius\Behat\Context\Api\Admin\ManagingLocalesContext">
            <argument type="service" id="sylius.behat.api_platform_client.admin.locale" />
            <argument type="service" id="Sylius\Behat\Client\ResponseCheckerInterface" />
        </service>

        <service id="sylius.behat.context.api.admin.managing_product_association_types" class="Sylius\Behat\Context\Api\Admin\ManagingProductAssociationTypesContext">
            <argument type="service" id="sylius.behat.api_platform_client.admin.product_association_type" />
            <argument type="service" id="Sylius\Behat\Client\ResponseCheckerInterface" />
            <argument type="service" id="sylius.behat.shared_storage" />
        </service>

        <service id="sylius.behat.context.api.admin.managing_product_options" class="Sylius\Behat\Context\Api\Admin\ManagingProductOptionsContext">
            <argument type="service" id="sylius.behat.api_platform_client.admin.product_option" />
            <argument type="service" id="Sylius\Behat\Client\ResponseCheckerInterface" />
            <argument type="service" id="sylius.behat.shared_storage" />
        </service>

        <service id="sylius.behat.context.api.admin.managing_product_variants" class="Sylius\Behat\Context\Api\Admin\ManagingProductVariantsContext">
            <argument type="service" id="test.client" />
            <argument type="service" id="session" />
        </service>

        <service id="sylius.behat.context.api.admin.managing_products" class="Sylius\Behat\Context\Api\Admin\ManagingProductsContext">
            <argument type="service" id="sylius.behat.api_platform_client.admin.product" />
            <argument type="service" id="sylius.behat.api_platform_client.administrator" />
            <argument type="service" id="sylius.behat.api_platform_client.admin.product_review" />
            <argument type="service" id="Sylius\Behat\Client\ResponseCheckerInterface" />
            <argument type="service" id="api_platform.iri_converter" />
            <argument type="service" id="sylius.behat.shared_storage" />
        </service>

        <service id="sylius.behat.context.api.admin.managing_tax_categories" class="Sylius\Behat\Context\Api\Admin\ManagingTaxCategoriesContext">
            <argument type="service" id="sylius.behat.api_platform_client.admin.tax_category" />
            <argument type="service" id="Sylius\Behat\Client\ResponseCheckerInterface" />
        </service>

        <service id="sylius.behat.context.api.admin.managing_taxons" class="Sylius\Behat\Context\Api\Admin\ManagingTaxonsContext">
            <argument type="service" id="test.client" />
            <argument type="service" id="session" />
            <argument type="service" id="Sylius\Behat\Client\ResponseCheckerInterface" />
        </service>

        <service id="sylius.behat.context.api.admin.managing_shipping_categories" class="Sylius\Behat\Context\Api\Admin\ManagingShippingCategoriesContext">
            <argument type="service" id="sylius.behat.api_platform_client.admin.shipping_category" />
            <argument type="service" id="Sylius\Behat\Client\ResponseCheckerInterface" />
        </service>

        <service id="sylius.behat.context.api.admin.managing_shipping_methods" class="Sylius\Behat\Context\Api\Admin\ManagingShippingMethodsContext">
            <argument type="service" id="sylius.behat.api_platform_client.admin.shipping_method" />
            <argument type="service" id="sylius.behat.api_platform_client.administrator" />
            <argument type="service" id="Sylius\Behat\Client\ResponseCheckerInterface" />
            <argument type="service" id="api_platform.iri_converter" />
            <argument type="service" id="sylius.behat.shared_storage" />
        </service>

        <service id="sylius.behat.context.api.admin.managing_product_reviews" class="Sylius\Behat\Context\Api\Admin\ManagingProductReviewsContext">
            <argument type="service" id="sylius.behat.api_platform_client.admin.product_review" />
            <argument type="service" id="Sylius\Behat\Client\ResponseCheckerInterface" />
            <argument type="service" id="sylius.behat.shared_storage" />
        </service>

        <service id="sylius.behat.context.api.admin.managing_customer_groups" class="Sylius\Behat\Context\Api\Admin\ManagingCustomerGroupsContext">
            <argument type="service" id="sylius.behat.api_platform_client.admin.customer_group" />
            <argument type="service" id="Sylius\Behat\Client\ResponseCheckerInterface" />
        </service>

        <service id="sylius.behat.context.api.admin.managing_payments" class="Sylius\Behat\Context\Api\Admin\ManagingPaymentsContext">
            <argument type="service" id="sylius.behat.api_platform_client.admin.payment" />
            <argument type="service" id="Sylius\Behat\Client\ResponseCheckerInterface" />
            <argument type="service" id="api_platform.iri_converter" />
        </service>

        <service id="sylius.behat.context.api.admin.managing_shipments" class="Sylius\Behat\Context\Api\Admin\ManagingShipmentsContext">
            <argument type="service" id="sylius.behat.api_platform_client.admin.shipment" />
            <argument type="service" id="sylius.behat.api_platform_client.iri" />
            <argument type="service" id="Sylius\Behat\Client\ResponseCheckerInterface" />
            <argument type="service" id="api_platform.iri_converter" />
        </service>

        <service id="sylius.behat.context.api.admin.managing_orders" class="Sylius\Behat\Context\Api\Admin\ManagingOrdersContext">
            <argument type="service" id="sylius.behat.api_platform_client.admin.order" />
            <argument type="service" id="sylius.behat.api_platform_client.admin.shipment" />
            <argument type="service" id="sylius.behat.api_platform_client.admin.payment" />
            <argument type="service" id="Sylius\Behat\Client\ResponseCheckerInterface" />
            <argument type="service" id="api_platform.iri_converter" />
            <argument type="service" id="sylius.behat.admin_api_security" />
            <argument type="service" id="sylius.behat.shared_storage" />
        </service>

        <service id="sylius.behat.context.api.admin.managing_zones" class="Sylius\Behat\Context\Api\Admin\ManagingZonesContext">
            <argument type="service" id="sylius.behat.api_platform_client.admin.zone" />
            <argument type="service" id="Sylius\Behat\Client\ResponseCheckerInterface" />
            <argument type="service" id="sylius.behat.shared_storage" />
            <argument type="service" id="api_platform.iri_converter" />
            <argument>%sylius.model.zone_member.class%</argument>
        </service>

        <service id="sylius.behat.context.api.admin.managing_promotions" class="Sylius\Behat\Context\Api\Admin\ManagingPromotionsContext">
            <argument type="service" id="sylius.behat.api_platform_client.admin.promotion" />
            <argument type="service" id="Sylius\Behat\Client\ResponseCheckerInterface" />
        </service>
    </services>
</container>
