<?xml version="1.0" encoding="UTF-8"?>

<!--

 This file is part of the Sylius package.

 (c) Paweł Jędrzejewski

 For the full copyright and license information, please view the LICENSE
 file that was distributed with this source code.

-->

<container xmlns="http://symfony.com/schema/dic/services"
           xmlns:xsi="http://www.w3.org/2001/XMLSchema-instance"
           xsi:schemaLocation="http://symfony.com/schema/dic/services http://symfony.com/schema/dic/services/services-1.0.xsd"
>
    <imports>
        <import resource="elements/admin.xml" />
        <import resource="elements/shop.xml" />
        <import resource="elements/product.xml" />
    </imports>
    <services>
        <service id="sylius.behat.element" class="FriendsOfBehat\PageObjectExtension\Element\Element" abstract="true" public="false">
            <argument type="service" id="behat.mink.default_session" />
            <argument type="service" id="behat.mink.parameters" />
        </service>
    </services>
</container>
