<?xml version="1.0" encoding="UTF-8"?>

<!--

 This file is part of the Sylius package.

 (c) Paweł Jędrzejewski

 For the full copyright and license information, please view the LICENSE
 file that was distributed with this source code.

-->

<container xmlns="http://symfony.com/schema/dic/services" xmlns:xsi="http://www.w3.org/2001/XMLSchema-instance" xsi:schemaLocation="http://symfony.com/schema/dic/services http://symfony.com/schema/dic/services/services-1.0.xsd">
    <parameters>
        <parameter key="sylius.behat.page.admin.customer.create.class">Sylius\Behat\Page\Admin\Customer\CreatePage</parameter>
        <parameter key="sylius.behat.page.admin.customer.index.class">Sylius\Behat\Page\Admin\Customer\IndexPage</parameter>
        <parameter key="sylius.behat.page.admin.customer.order_index.class">%sylius.behat.page.admin.crud.index.class%</parameter>
        <parameter key="sylius.behat.page.admin.customer.update.class">Sylius\Behat\Page\Admin\Customer\UpdatePage</parameter>
        <parameter key="sylius.behat.page.admin.customer.show.class">Sylius\Behat\Page\Admin\Customer\ShowPage</parameter>
    </parameters>

    <services>
        <defaults public="true" />

        <service id="sylius.behat.page.admin.customer.create" class="%sylius.behat.page.admin.customer.create.class%" parent="sylius.behat.page.admin.crud.create" public="false">
            <argument type="string">sylius_admin_customer_create</argument>
        </service>
        <service id="sylius.behat.page.admin.customer.index" class="%sylius.behat.page.admin.customer.index.class%" parent="sylius.behat.page.admin.crud.index" public="false">
            <argument type="string">sylius_admin_customer_index</argument>
        </service>
        <service id="sylius.behat.page.admin.customer.order_index" class="%sylius.behat.page.admin.customer.order_index.class%" parent="sylius.behat.page.admin.crud.index" public="false">
            <argument type="string">sylius_admin_customer_order_index</argument>
        </service>
        <service id="sylius.behat.page.admin.customer.update" class="%sylius.behat.page.admin.customer.update.class%" parent="sylius.behat.page.admin.crud.update" public="false">
            <argument type="string">sylius_admin_customer_update</argument>
        </service>
        <service id="sylius.behat.page.admin.customer.show" class="%sylius.behat.page.admin.customer.show.class%" parent="sylius.behat.symfony_page" public="false" />
    </services>
</container>
