<?xml version="1.0" encoding="UTF-8"?>

<!--

 This file is part of the Sylius package.

 (c) Paweł Jędrzejewski

 For the full copyright and license information, please view the LICENSE
 file that was distributed with this source code.

-->

<container xmlns="http://symfony.com/schema/dic/services" xmlns:xsi="http://www.w3.org/2001/XMLSchema-instance" xsi:schemaLocation="http://symfony.com/schema/dic/services http://symfony.com/schema/dic/services/services-1.0.xsd">
    <parameters>
        <parameter key="sylius.behat.page.admin.order.index.class">Sylius\Behat\Page\Admin\Order\IndexPage</parameter>
        <parameter key="sylius.behat.page.admin.order.show.class">Sylius\Behat\Page\Admin\Order\ShowPage</parameter>
        <parameter key="sylius.behat.page.admin.order.update.class">Sylius\Behat\Page\Admin\Order\UpdatePage</parameter>
        <parameter key="sylius.behat.page.admin.order.history.class">Sylius\Behat\Page\Admin\Order\HistoryPage</parameter>
    </parameters>

    <services>
        <defaults public="true" />

        <service id="sylius.behat.page.admin.order.index" class="%sylius.behat.page.admin.order.index.class%" parent="sylius.behat.page.admin.crud.index" public="false">
            <argument type="string">sylius_admin_order_index</argument>
        </service>
        <service id="sylius.behat.page.admin.order.show" class="%sylius.behat.page.admin.order.show.class%" parent="sylius.behat.symfony_page" public="false">
            <argument type="service" id="sylius.behat.table_accessor" />
            <argument type="service" id="sylius.money_formatter" />
        </service>
        <service id="sylius.behat.page.admin.order.update" class="%sylius.behat.page.admin.order.update.class%" parent="sylius.behat.page.admin.crud.update" public="false">
            <argument type="string">sylius_admin_order_update</argument>
        </service>
        <service id="sylius.behat.page.admin.order.history" class="%sylius.behat.page.admin.order.history.class%" parent="sylius.behat.symfony_page" public="false" />
    </services>
</container>
