<?xml version="1.0" encoding="UTF-8"?>

<!--

 This file is part of the Sylius package.

 (c) Paweł Jędrzejewski

 For the full copyright and license information, please view the LICENSE
 file that was distributed with this source code.

-->

<container xmlns="http://symfony.com/schema/dic/services" xmlns:xsi="http://www.w3.org/2001/XMLSchema-instance" xsi:schemaLocation="http://symfony.com/schema/dic/services http://symfony.com/schema/dic/services/services-1.0.xsd">
    <services>
        <defaults public="true" />

        <service id="sylius.behat.context.hook.doctrine_orm" class="Sylius\Behat\Context\Hook\DoctrineORMContext">
            <argument type="service" id="doctrine.orm.entity_manager" />
        </service>

        <service id="sylius.behat.context.hook.test_theme" class="Sylius\Behat\Context\Hook\TestThemeContext">
            <argument type="service" id="Sylius\Bundle\ThemeBundle\Configuration\Test\TestThemeConfigurationManagerInterface" />
        </service>

        <service id="sylius.behat.context.hook.email_spool" class="Sylius\Behat\Context\Hook\EmailSpoolContext">
            <argument type="service" id="sylius.behat.email_checker"/>
            <argument type="service" id="filesystem" />
        </service>

        <service id="sylius.behat.context.hook.calendar" class="Sylius\Behat\Context\Hook\CalendarContext">
            <argument>%kernel.project_dir%</argument>
        </service>
    </services>
</container>
