<?xml version="1.0" encoding="UTF-8"?>

<!--

 This file is part of the Sylius package.

 (c) Paweł Jędrzejewski

 For the full copyright and license information, please view the LICENSE
 file that was distributed with this source code.

-->

<container xmlns="http://symfony.com/schema/dic/services"
           xmlns:xsi="http://www.w3.org/2001/XMLSchema-instance"
           xsi:schemaLocation="http://symfony.com/schema/dic/services http://symfony.com/schema/dic/services/services-1.0.xsd"
>
    <services>
        <defaults public="true" />

        <service id="sylius.behat.element.product.show.associations" class="Sylius\Behat\Element\Product\ShowPage\AssociationsElement" parent="sylius.behat.element" public="false" />
        <service id="sylius.behat.element.product.show.attributes" class="Sylius\Behat\Element\Product\ShowPage\AttributesElement" parent="sylius.behat.element" public="false" />
        <service id="sylius.behat.element.product.show.details" class="Sylius\Behat\Element\Product\ShowPage\DetailsElement" parent="sylius.behat.element" public="false" />
        <service id="sylius.behat.element.product.show.media" class="Sylius\Behat\Element\Product\ShowPage\MediaElement" parent="sylius.behat.element" public="false" />
        <service id="sylius.behat.element.product.show.more_details" class="Sylius\Behat\Element\Product\ShowPage\MoreDetailsElement" parent="sylius.behat.element" public="false" />
        <service id="sylius.behat.element.product.show.pricing" class="Sylius\Behat\Element\Product\ShowPage\PricingElement" parent="sylius.behat.element" public="false" />
        <service id="sylius.behat.element.product.show.shipping" class="Sylius\Behat\Element\Product\ShowPage\ShippingElement" parent="sylius.behat.element" public="false" />
        <service id="sylius.behat.element.product.show.taxonomy" class="Sylius\Behat\Element\Product\ShowPage\TaxonomyElement" parent="sylius.behat.element" public="false" />
        <service id="sylius.behat.element.product.show.options" class="Sylius\Behat\Element\Product\ShowPage\OptionsElement" parent="sylius.behat.element" public="false" />
        <service id="sylius.behat.element.product.show.variants" class="Sylius\Behat\Element\Product\ShowPage\VariantsElement" parent="sylius.behat.element" public="false" />

        <service id="sylius.behat.element.product.index.vertical_menu" class="Sylius\Behat\Element\Product\IndexPage\VerticalMenuElement" parent="sylius.behat.element" public="false" />
    </services>
</container>
